{
 "type": "block",
 "layer": 0,
 "block": 0,
 "features": [
  {
   "geom": {
    "polygons": [
     [
      [
       [
        -7.885864738451626,
        5.662428344742512
       ],
       [
        -7.888660236146921,
        6.0929431687636315
       ],
       [
        -7.388990721714555,
        6.0961908490267405
       ],
       [
        -7.386193252057399,
        5.665676025370316
       ],
       [
        -7.885864738451626,
        5.662428344742512
       ]
      ]
     ]
    ],
    "centroids": [
     [
      -7.637427234968469,
      5.879309455398006,
      2.1001459959958066
     ]
    ],
    "h": 1.2801832592336162
   },
   "mtl": {
    "face": 0,
    "border": 1
   }
  },
  {
   "geom": {
    "polygons": [
     [
      [
       [
        -7.652615673034713,
        5.098866971415309
       ],
       [
        -7.6553246848950485,
        5.515930377597271
       ],
       [
        -7.1691571718686395,
        5.519091276866547
       ],
       [
        -7.166446301307977,
        5.1020278709931715
       ],
       [
        -7.652615673034713,
        5.098866971415309
       ]
      ]
     ]
    ],
    "centroids": [
     [
      -7.4108859557690305,
      5.308978991364843,
      2.0953677384550953
     ]
    ],
    "h": 1.2801832592336162
   },
   "mtl": {
    "face": 0,
    "border": 1
   }
  }
 ]
}